<?xml version="1.0" encoding="UTF-8"?>
<project-private xmlns="http://www.netbeans.org/ns/project-private/1">
    <editor-bookmarks xmlns="http://www.netbeans.org/ns/editor-bookmarks/2" lastBookmarkId="0"/>
    <open-files xmlns="http://www.netbeans.org/ns/projectui-open-files/2">
        <group>
            <file>file:/C:/Users/Andrey%20Salamanca/Documents/NetBeansProjects/ProyectoXML/src/controlador/ControladorCorReq.java</file>
            <file>file:/C:/Users/Andrey%20Salamanca/Documents/NetBeansProjects/ProyectoXML/src/controlador/ControladorConsultarAdicional.java</file>
            <file>file:/C:/Users/Andrey%20Salamanca/Documents/NetBeansProjects/ProyectoXML/src/controlador/ControladorMenu.java</file>
            <file>file:/C:/Users/Andrey%20Salamanca/Documents/NetBeansProjects/ProyectoXML/src/modelo/Escuela.java</file>
            <file>file:/C:/Users/Andrey%20Salamanca/Documents/NetBeansProjects/ProyectoXML/src/modelo/Curso.java</file>
            <file>file:/C:/Users/Andrey%20Salamanca/Documents/NetBeansProjects/ProyectoXML/src/controlador/ControladorPlanEstudio.java</file>
            <file>file:/C:/Users/Andrey%20Salamanca/Documents/NetBeansProjects/ProyectoXML/src/vista/ModificarInformacion.java</file>
            <file>file:/C:/Users/Andrey%20Salamanca/Documents/NetBeansProjects/ProyectoXML/src/modelo/PlanEstudio.java</file>
            <file>file:/C:/Users/Andrey%20Salamanca/Documents/NetBeansProjects/ProyectoXML/src/main/Main.java</file>
            <file>file:/C:/Users/Andrey%20Salamanca/Documents/NetBeansProjects/ProyectoXML/src/controlador/ControladorXML_PlanEstudio.java</file>
            <file>file:/C:/Users/Andrey%20Salamanca/Documents/NetBeansProjects/ProyectoXML/src/controlador/ControladorConsultarPlan.java</file>
            <file>file:/C:/Users/Andrey%20Salamanca/Documents/NetBeansProjects/ProyectoXML/src/controlador/ControladorXML_Curso.java</file>
            <file>file:/C:/Users/Andrey%20Salamanca/Documents/NetBeansProjects/ProyectoXML/src/controlador/ControladorEstadisticas.java</file>
            <file>file:/C:/Users/Andrey%20Salamanca/Documents/NetBeansProjects/ProyectoXML/src/controlador/ControladorModificarInfo.java</file>
            <file>file:/C:/Users/Andrey%20Salamanca/Documents/NetBeansProjects/ProyectoXML/src/controlador/ControladorCurso.java</file>
            <file>file:/C:/Users/Andrey%20Salamanca/Documents/NetBeansProjects/ProyectoXML/src/controlador/ControladorCorreo.java</file>
            <file>file:/C:/Users/Andrey%20Salamanca/Documents/NetBeansProjects/ProyectoXML/src/controlador/ControladorXML_Escuela.java</file>
            <file>file:/C:/Users/Andrey%20Salamanca/Documents/NetBeansProjects/ProyectoXML/src/controlador/ControladorEscuela.java</file>
        </group>
    </open-files>
</project-private>
